{
    "name": "Whelpling Footjob",
    "cost": "0",
    "costType": "ep",
    "requiredLevel": "0",
    "learningCost": "0",
    "skillType": "attack",
    "statType": "Power",
    "requiredStat": "0",
    "skillTags": [ "Sex"],
    "fetishTags": [ "Feet"],
    "startsStance": ["Footjob"],
    "requiresStance": "Any",
    "unusableIfStance": [ ""],
    "requiresTargetStance": [ "Any"],
    "unusableIfTarget": [ "Sex", "Blowjob", "Anal", "Making Out", "Titfuck", "Tailjob"],
    "removesStance": ["None"],
    "requiresStatusEffect": "None",
    "requiresStatusPotency": "0",
    "unusableIfStatusEffect": [ "None"],
    "power": "25",
    "minRange": "75",
    "maxRange": "100",
    "recoil": "0",
    "targetType": "single",
    "statusEffect": "None",
    "statusChance": "0",
    "statusDuration": "0",
    "statusPotency": "0",
    "statusResistedBy": "",
    "statusText": "",
    "descrip": "",
    "outcome": "{AttackerName} rushes at {TargetName}, knocking {TargetHimOrHer} over. Before {TargetHeOrShe} can respond {AttackerName} has placed the flat of her soft foot against {TargetName}'s cock and begins to forcefully stroke, eliciting a small moan.",
    "miss": "{AttackerName} attempts to get behind {TargetName}, but before they can finish their plan {TargetName} avoids the naked soles of {AttackerName}",
    "statusOutcome": "",
    "statusMiss": "",
    "restraintStruggle": [""],
    "restraintStruggleCharmed": [""],
    "restraintEscaped": [""],
    "restraintEscapedFail": [""]
}
