{
    "name": "Whelpling Foot Grind",
    "cost": "0",
    "costType": "ep",
    "requiredLevel": "0",
    "learningCost": "0",
    "skillType": "attack",
    "statType": "Core",
    "requiredStat": "0",
    "skillTags": [ "Sex"],
    "fetishTags": [ "Feet"],
    "startsStance": "",
    "requiresStance": "Footjob",
    "unusableIfStance": [ ""],
    "requiresTargetStance": [ "Any"],
    "unusableIfTarget": [ ""],
    "removesStance": "None",
    "requiresStatusEffect": "None",
    "requiresStatusPotency": "0",
    "unusableIfStatusEffect": [ "None"],
    "power": "30",
    "minRange": "90",
    "maxRange": "110",
    "recoil": "0",
    "targetType": "single",
    "statusEffect": "None",
    "statusChance": "0",
    "statusDuration": "0",
    "statusPotency": "0",
    "statusResistedBy": "",
    "statusText": "",
    "descrip": "",
    "outcome": "{AttackerName} presses her foot against {TargetName}'s dick with a great amount of force, and roughly grinds her slimy sole along the length of {TargetName}'s penis.",
    "miss": "{AttackerName} harshly strokes {TargetName}'s stiff manhood with her foot, but {TargetName} grits {TargetHisOrHer} teeth and ignores the pleasure.",
    "statusOutcome": "",
    "statusMiss": "",
    "restraintStruggle": "",
    "restraintStruggleCharmed": "",
    "restraintEscaped": "",
    "restraintEscapedFail": ""
}
