{
    "name": "Resentful Kiss",
    "costType": "ep",
        "cost": "0",
    "requiredLevel": "0",
    "learningCost": "0",
    "skillType": "attack",
    "statType": "Core",
    "requiredStat": "0",
    "skillTags": ["Mouth"],
    "fetishTags": ["Kissing"],
    "startsStance": [""],
    "requiresStance": "Making Out",
    "unusableIfStance": [""],
    "requiresTargetStance": ["Any"],
    "unusableIfTarget": [""],
    "removesStance": ["None"],
    "requiresStatusEffect": "None",
    "requiresStatusPotency": "0",
    "unusableIfStatusEffect": ["None"],
    "targetType": "single",
        "accuracy": "0",
        "initiative": "0",
    "power": "20",
        "minRange": "85",
        "maxRange": "100",
    "recoil": "0",
    "critDamage": "0",
    "critChance": "0",
    "statusEffect": "None",
        "statusPotency": "0",
        "statusEffectScaling": "0",
        "statusDuration": "0",
        "statusChance": "0",
        "statusResistedBy": "",
    "statusText": "",
    "descrip": "Make Out Move 1",
    "outcome": "{AttackerName} glares at being pulled into this kiss, but reluctantly slips her arms around {TargetName}'s waist and begins to reciprocate the kiss, slipping her wet, snake-like tongue in the mouth of {TargetName}",
    "miss": "{AttackerName} tries to give a kiss to {TargetName} and slip some tongue into their mouth, but {TargetName}'s strong lips keeps the tongue at bay.",
    "statusOutcome": "",
    "statusMiss": "",
    "restraintStruggle": [""],
    "restraintStruggleCharmed": [""],
    "restraintEscaped": [""],
    "restraintEscapedFail": [""]
}
