{
    "name": "Whelpling Heavy Pounding",
    "costType": "ep",
        "cost": "5",
    "requiredLevel": "0",
    "learningCost": "0",
    "skillType": "attack",
    "statType": "Core",
    "requiredStat": "0",
    "skillTags": ["Sex"],
    "fetishTags": ["Ass"],
    "startsStance": [""],
    "requiresStance": "Anal",
    "unusableIfStance": ["Sex", "Tailjob"],
    "requiresTargetStance": ["Anal"],
    "unusableIfTarget": [""],
    "removesStance": ["None"],
    "requiresStatusEffect": "None",
    "requiresStatusPotency": "0",
    "unusableIfStatusEffect": ["None"],
    "targetType": "single",
        "accuracy": "0",
        "initiative": "0",
    "power": "25",
        "minRange": "90",
        "maxRange": "110",
    "recoil": "10",
    "critDamage": "0",
    "critChance": "0",
    "statusEffect": "None",
        "statusPotency": "0",
        "statusEffectScaling": "0",
        "statusDuration": "0",
        "statusChance": "0",
        "statusResistedBy": "",
    "statusText": "",
    "descrip": "Anal Move",
    "outcome": "{AttackerName} begins to take control of the stance and uses to tail to heavily slam herself full hilt to the base of {TargetName}'s cock. {AttackerName} however, seems to be just as aroused as {TargetName} from this attack.",
    "miss": "{AttackerName} attempts to pound you deeper into her ass, but can't seem to get a proper position set up.",
    "statusOutcome": "",
    "statusMiss": "",
    "restraintStruggle": [""],
    "restraintStruggleCharmed": [""],
    "restraintEscaped": [""],
    "restraintEscapedFail": [""]
}
