{
    "name": "Mountain",
    "Addition": "Yes",
    "Monsters": [ "Whelpling"],
    "MonsterGroups": [

                  {
                      "Group": [ "Whelpling"]
                  },
                  {
                      "Group": [ "Whelpling", "Whelpling"]
                  }

                ],
    "Events": [ ""],
    "Quests": [ ""],
    "Adventures": [ ""],
    "Treasure": [
                {
                    "Common": [ ""]
                },
                {
                    "Uncommon": [ ""]
                },
                {
                    "Rare": [ ""]
                }
              ]

}
