{
    "name": "Whelpling Breast Press",
    "cost": "0",
    "costType": "ep",
    "requiredLevel": "0",
    "learningCost": "0",
    "skillType": "attack",
    "statType": "Allure",
    "requiredStat": "0",
    "skillTags": [ "Breast"],
    "fetishTags": [ "Breast"],
    "startsStance": [""],
    "requiresStance": "Any",
    "unusableIfStance": [ "Sex", "Anal", "Footjob"],
    "requiresTargetStance": [ "Any"],
    "unusableIfTarget": [ ""],
    "removesStance": ["None"],
    "requiresStatusEffect": "None",
    "requiresStatusPotency": "0",
    "unusableIfStatusEffect": [ "None"],
    "power": "25",
    "minRange": "75",
    "maxRange": "95",
    "recoil": "0",
    "targetType": "single",
    "statusEffect": "None",
    "statusChance": "0",
    "statusDuration": "0",
    "statusPotency": "0",
    "statusResistedBy": "",
    "statusText": "",
    "descrip": "",
    "outcome": "{AttackerName} approaches cautiously and begins to rub her breasts against {TargetName}, sending ripples of pleasure as {AttackerHisOrHer} warm breasts caress your skin.",
    "miss": "{AttackerName} presses her supple breasts together and approaches, but {TargetName} manages to keep her at an arms length",
    "statusOutcome": "",
    "statusMiss": "",
    "restraintStruggle": [""],
    "restraintStruggleCharmed": [""],
    "restraintEscaped": [""],
    "restraintEscapedFail": [""]
}
