{
    "name": "Whelpling Tease",
    "cost": "0",
    "costType": "ep",
    "requiredLevel": "0",
    "learningCost": "0",
    "skillType": "attack",
    "statType": "Allure",
      "statusEffectScaling": "0",
    "requiredStat": "0",
    "skillTags": [ "Seduction"],
    "fetishTags": [ ""],
    "startsStance": [""],
    "requiresStance": "Any",
    "unusableIfStance": [ "Making Out", "Nursing", "Breast Smother", "Blowjob", "Sex", "Anal", "Face Sit", "Footjob"],
    "requiresTargetStance": [ "Any"],
    "unusableIfTarget": [ ""],
    "removesStance": ["None"],
    "requiresStatusEffect": "None",
    "requiresStatusPotency": "0",
    "unusableIfStatusEffect": [ "None"],
    "power": "15",
    "minRange": "65",
    "maxRange": "85",
    "recoil": "0",
    "targetType": "single",
    "statusEffect": "Charm",
    "statusChance": "45",
    "statusDuration": "3",
    "statusPotency": "0",
    "statusResistedBy": "Willpower",
    "statusText": "",
    "descrip": "",
    "outcome": "{AttackerName} attempts to strike a sexy pose, trying to accentuate her modest curves. Despite the awkwardness of the attempt {TargetName} finds {TargetHisOrHer} member growing stiffer as they look over the body of {AttackerName}",
    "miss": "{AttackerName} awkwardly attempts to strike a pose showing off her assets, but the attempt is so cringy {TargetName} feels nothing.",
    "statusOutcome": "",
    "statusMiss": "",
    "restraintStruggle": [""],
    "restraintStruggleCharmed": [""],
    "restraintEscaped": [""],
    "restraintEscapedFail": [""]
}
