{
    "name": "Whelpling",
    "IDname": "Whelpling",
    "species": "Dragon",
    "gender": "female",
    "description": "A young looking girl with a large tail trailing from her backside. Her skin is pink as she has not matured enough to gain the magical coloring prevalent in more mature dragons. Like most dragons she eschews the common decency of clothing, and instead chooses to wander around with all of her assests on display in hopes of attracting a mate. These young dragons are generally in a rebellious phase against the more domineering older dragons in their clan and as such tend to wear scowls or bored expressions. In a fight they adopt wholly other personalities and try to become attractive and enticing to potential mates. Due to their lack of interaction with non dragons they come off as slightly awkward.",
    "encyclopedia": "A younger dragon girl who comes from a proud race of chromatic dragons. She has just hit adulthood in the dragon lifespan and is soon to develop her color that determines her powers and the future growth of her body. \n\nThese dragons are inexperienced in social situations, and combat situations, and many other situations due to the more reclusive and pampering nature of the dragon lifestyle. These dragons are still eager to prove themselves and their own sexual prowess but their inexperience makes them appear awkward, and their abilities, like their appearance, are quite underdeveloped.",
    "tags": "none",
    "generic": "True",
    "requires": [ ""],
    "skillList": [ "Flirting Breath", "Whelpling Tailjob", "Whelpling Tail Stroke", "Whelpling Tail Stroke", "Whelpling Breast Press", "Whelpling Tease", "Whelpling Foot Stroke", "Whelpling Foot Stroke", "Whelpling Footjob"],
    "perks": [ ""],
    "stats": { "lvl": "20",
              "Exp": "75",
              "max_hp": "250",
              "max_ep": "75",
              "max_sp": "1",
              "Power": "20",
              "Technique": "20",
              "Intelligence": "20",
              "Allure": "20",
              "Willpower": "20",
              "Luck": "20"
    },
    "Fetishes": [ ""],
    "BodySensitivity": { "Sex": "125",
              "Ass": "125",
              "Breasts": "125",
              "Mouth": "125",
              "Seduction": "125",
              "Magic": "65",
              "Pain": "125",
              "Holy": "100",
              "Unholy": "100"
    },
    "resistancesStatusEffects": {
              "Stun": "0",
              "Charm": "25",
              "Aphrodisiac": "25",
              "Restraints": "-25",
              "Sleep": "-25",
              "Trance": "0",
              "Paralysis": "0",
              "Debuff": "0"
    },
    "moneyDropped": "150",
    "ItemDropList": [
                      {
                        "name": "Whelpling Scale",
                        "dropChance": "75"
                      }
                    ],
    "lossScenes": [
                    {
                        "NameOfScene": "Mating Ritual",
                        "move": "",
                        "stance": "",
                        "includes": [ "Whelpling"],
                        "theScene": [ "With the last bit of your spirit expended you fall onto your back and begin panting, struggling to catch your breath.",
                                    "This is cut short as the nubile dragon approaches you, her mouth cracking into a smug grin.",
                                    "Speaks",
                                    "Really, after all that you couldn't even beat just me?",
                                    "Speaks",
                                    "Ugh, I guess you humans really are pathetic, but it would be a waste to leave without satisfying myself, right?",
                                    "The whelpling smirks as she straddles your waist and as she rubs the lips of her pussy against your rigid manhood she gives you another look over and a smug grin.",
                                    "The whelpling raises herself up and wraps her tail around your aching manhood and uses her tail to guide your dick into her nearly dripping wet pussy.",
                                    "She slowly sinks down the length of your dick, a slow warming sensation following along that lessens the aching sensation and makes your dick feel prepared for another round.",
                                    "As the whelpling presses her body weight down onto you and presses herself to the base of your cock you let out a small moan that elicits a giggle from the young dragon girl.",
                                    "What's this, could it be that you enjoy being dominated like this? Do you enjoy being drained of all your energy and dominated by someone stronger than you, you pathetic little human?",
                                    "To punctuate her question she raises herself up just to the tip of your penis and as it becomes exposed to the open air a small chill runs up your spine as the whelpling slams herself back down, sending a massive wave of pleasure through you as you cum into her.",
                                    "PlayerOrgasm", "1",
                                    "Your cock fires off a load of semen into the whelpling, who basks in the euphoria of this moment from atop you. The whelpling looks down with a new hunger in her eyes.",
                                    "Speaks",
                                    "Thats it human! You are gonna cum for me until you cannot anymore!",
                                    "With this decree the whelpling redoubles her pacing and her assault on your body renews.",
                                    "PlayerOrgasm", "1",
                                    "Another load of cum is released from your cock into the whelpling as she lets out a frenzied moan. The whelpling leans down and pulls you into a kiss.",
                                    "As your lips meet with hers a sudden flow of her magical breath flies into your mouth, and as your mind begins to grow hazy the whelpling celebrates her victory by squeezing one last orgasm out of you.",
                                    "PlayerOrgasm", "1",
                                    "Speaks",
                                    "I hope you come back soon, I had too much fun bullying you and taking every last drop of cum I could from you!",
                                    "The whelpling does not stop as she says this, even as you begin to black out she continues to grind her overwhelming pussy against your cock until even that pleasure fades from your mind...",
                                    "ChangeSensitivity",
                                    "Sex",
                                    "5"],
                        "picture": ""
                    },
                    {
                        "NameOfScene": "Duo Whelpling Assault",
                        "move": "",
                        "stance": "",
                        "includes": [ "Whelpling", "Whelpling"],
                        "theScene": ["Exhausted and out of breath you barely make it to the nearest rock wall and lean against it to catch your breath as the two whelplings approach you, licking their lips in hunger and lust.",
                                     "In a flash the pair are upon you and have laid you flat on the ground, removed your clothes, and have moved your belonging to the side before you even realize what has happened to you.",
                                     "With any chance of interrupting dashed the pair look down at you, and from this angle you get a full view of their pussies; they drip with a warm, heavily scented liquid and seem to almost pulse in anticipation of what is about to happen.",
                                     "Speaks",
                                     "Poor pathetic little human. Did you really think you could beat the two of us? Maybe we should teach you a lesson on why dragons are better than humans!",
                                     "As if on cue the second whelpling with her steps over her head, a sole of her foot just barely grazing over your head. Now straddling your head she lowers her pussy down into your face and immediately you are overwhelmed with the heavy scent of her sex flooding your brain.",
                                     "Almost without thinking you begin to fervently lick and kiss at her wet sex, and simulataneously the first whelpling has begun to lower herself down onto your manhood and as you feel yourself pierce into her you release a moan into the pussy of the whelpling on your face.",
                                     "Speaks2",
                                     "Ohhh, are you enjoying yourself down there human? Big sis black dragon said it would feel good for us but I had no idea humans would enjoy it as well!",
                                     "But at this point the words of the whelpling riding your face are muffled out by her legs wrapped around your ears as well as her scent flooding into you sweeping aside your ability to think clearly.",
                                     "The first whelpling riding on your dick begins to speed up her bouncing, each time pushing herself down to the base of your pelvis and each time you hear a muffled moan coming from her as a wave of pleasure shivers up your spine, incidentally mixing your own moans into your continued pussy worship of the second whelpling.",
                                     "As the whelplings continue to derive pleasure from you at both ends you feel yourself begin to lose control over your penis, and the aching, fiery buildup down there eventually gives way as you let out a long moan into the second whelpling's pussy, causing her to shiver in pleasure.",
                                     "PlayerOrgasm", "1",
                                     "As you release your cum into the pussy of the first whelpling you feel her quiver, her pussy tightening and constricting around your penis as she reciprocates the orgasm. With a sigh of satisfaction her bouncing stops and you feel her lean back slightly with you still insider her.",
                                     "The whelpling atop your face, however, seems to take issue and suddenly stands up, letting you catch your breath as the two figures argue about switching who gets to ride your dick.",
                                     "However, you find no reprieve from the girls assault as the first whelpling takes her foot and begins to rub the flat of it against the length of your dick. Everytime her foot reaches the top of your dick her delicate toes rub along the tip, further stimulating your already tired dick with a new wave of pleasure.",
                                     "Whelpling 2 looks down in shock seeing you take pleasure from this and also presses the arch of her foot against your cock. With the two feet pressed against you and alternating their stroking motions it does not take long for you to cum again at the power of their feet.",
                                     "PlayerOrgasm", "1",
                                     "Speaks2",
                                     "Ah man I hope that didn't finish him off, I still wanted to fuck him too!",
                                     "The first whelpling smirks and walks over to you, but instead of pressing her pussy into your face her tail reaches down and wraps around your neck, propping it up so you have a clear view of your body and the second whelpling who is hovering over your dick.",
                                     "In a flash the girl has descended onto your dick, her tail raised high into the air to reveal her tight asshole. It presses down onto the tip of your wet dick and for a moment there is a resistance before her asshole widens enough to accept your aching, tired dick.",
                                     "The walls of her asshole tighten around you, and it is much warmer than the pussy of the first girl. As she slides up and down the length of your shaft the first whelpling giggles at your moans when the second whelpling presses herself down to the hilt of your penis.",
                                     "Speaks",
                                     "Even our assholes can get you off can't they, human? How does it feel knowing that every single part of the weakest dragon is still strong enough to make you cum?",
                                     "The derision of the whelpling mocking you would sting a lot more if it were not for the intensifying fucking you are receiving from the other girl, who is continuing her assault on you with her ass.",
                                     "With one final press down to the hilt of your penis the whelpling manages to make you cum for a final time, and as you and her lie there exhausted the first whelpling releases you from the grip of her tail, and bends over to give you a kiss on the cheek.",
                                     "Speaks",
                                     "Well that was fun human, next time you come back maybe we'll bring you back to our lair so our sisters can enjoy you too",
                                     "With a wink the draconic girls wander away from you, leaving you to fade from consciousness and await the splash of water from Lillian",
                                     "ChangeSensitivity",
                                     "Sex",
                                     "6",
                                     "ChangeFetish", "Sex", "5",
                                     "GameOver"],
                        "picture": ""
                    }
                  ],
    "combatDialogue": [
                        {
                            "lineTrigger": "HitWith",
                            "move": "Spank",
                            "theText": [ "'Weh! Hey! Watch what you're doing you inferior human!'",
                                        "'Who would enjoy something like that?!'",
                                        "'I'll make sure to pay you back for that!'"]
                        },
                        {
                            "lineTrigger": "HitWith",
                            "move": ["Magical Binding", "Bondage Net"],
                            "theText": [ "'Mmmh, the ropes are digging into me.'",
                                         "'You better let me out of these restraints or you'll be sorry!'"]
                        },
                        {
                            "lineTrigger": "HitWith",
                            "move": ["Charm", "Charm Wave"],
                            "theText": [ "'D-don't get cocky you damn human!'",
                                         "'I won't lose to the likes of you, u-u-unless you want me to?'"]
                        },
                        {
                            "lineTrigger": "HitWith",
                            "move": "Sleep",
                            "theText": [ "'What? I'm... feeling... drowsy...'",
                                         "'You better... not touch me... while I'm sleeping... you damn human...'"]
                        },
                        {
                            "lineTrigger": "HitWith",
                            "move": "Anal Penetration",
                            "theText": [ "'KYA, what do you think you're putting that?!'",
                                         "'Don't you dare go thinking I enjoy this!'"]
                        },
                        {
                            "lineTrigger": "HitWith",
                            "move": "Insert",
                            "theText": [ "'I can see you can't resist the charm of a superior dragon.'",
                                         "'We'll see how long you can last against my pussy, human.'"]
                        },
                        {
                            "lineTrigger": "HitWith",
                            "move": "Pinch Nipples",
                            "theText": [ "'Hey! Watch where your hands go!'",
                                         "'Are you just trying to piss me off?!'"]
                        },
                        {
                            "lineTrigger": "HitWith",
                            "move": ["Seduce", "Smoldering Seduction", "Massaging Seduction", "Mass Seduction"],
                            "theText": [ "'D-don't think your feeble attempts at flirting are gonna work!",
                                         "'I won't be seduced by a weak human like you!"]
                        },
                        {
                            "lineTrigger": "HitWith",
                            "move": ["Arouse", "Arousara", "Arousero"],
                            "theText": [ "'Is that supposed to do something?'",
                                         "'Human magic is so weak, I hardly felt that!'",
                                         "'Maybe if you get on your knees and beg I'll pretend that did something.'"]
                        },
                        {
                            "lineTrigger": "HitWith",
                            "move": ["Pound", "Multi Thrust", "Empowered Thrust", "Carrying Fuck"],
                            "theText": [ "'Y-you're pretty good, for a human.'",
                                         "'Please don't stop, mmh keep goi- I-I mean stop that right now!'"]
                        },
                        {
                            "lineTrigger": "HitWithA",
                            "move": ["Pound", "Multi Thrust", "Empowered Thrust", "Carrying Fuck", "Anal Piston"],
                            "theText": [ "'Get out, get out, get out right now you damn human!!'",
                                         "'When I get you out of me I am going to put you in your place!'",
                                         "'I-if you don't stop my big sisters will come and punish you for this!'"]
                        },
                        {
                            "lineTrigger": "UsesMove",
                            "move": "Whelpling Tease",
                            "theText": [ "'Do you feel good looking at my body, what a perv.'",
                                         "'I know you can't stop looking at my body, so go ahead and start jerking off.'"]
                        },
                        {
                            "lineTrigger": "UsesMove",
                            "move": "Flirting Breath",
                            "theText": [ "'This is the true power of a dragon, now fall to your knees and obey!'",
                                         "'What's wrong human? Is my breath overwhelming you? Do you feel like giving in to me?'"]
                        },
                        {
                            "lineTrigger": "UsesMove",
                            "move": "Whelpling Footjob",
                            "theText": [ "'Big sis Purple said humans like feet, that's so weird!'",
                                         "'You perv, do you like having my feet against you?!'"]
                        },
                        {
                            "lineTrigger": "UsesMove",
                            "move": "Whelpling Foot Stroke",
                            "theText": [ "'You pathetic human, I'm gonna make you cum from my feet'",
                                         "'You're gonna cum from a little girls feet, how does that feel?'",
                                         "'By the end of this you'll be begging for more of my feet.'"]
                        },
                        {
                            "lineTrigger": "UsesMove",
                            "move": "Whelpling Tailjob",
                            "theText": [ "'Bis sis Blue showed me how to do this!'",
                                         "'I gotcha! How do you like my tail, human?'",
                                         "'Now I'll milk you dry with this!'"]
                        },
                        {
                            "lineTrigger": "UsesMove",
                            "move": "Whelpling Tail Stroke",
                            "theText": [ "'I can make you cum without getting dirty now, this is great!'",
                                         "'Come on human, cum for me and my tail already!'",
                                         "'Do you see now why dragons are better than humans?'"]
                        },
                        {
                            "lineTrigger": "UsesMove",
                            "move": "Whelpling Breast Press",
                            "theText": [ "'You better not say anything about how big they are!'",
                                         "'Even when they're this small they still feel good, right?'",
                                         "'If you think this feels good wait until you fight my big sis Red'"]
                        },
                        {
                            "lineTrigger": "LowHealth",
                            "move": "",
                            "theText": [ "'A-am I gonna lose to a human? I would never be able to show my face back at the den!'",
                                         "'Line 2'",
                                         "'Line 3'"]
                        },
                        {
                            "lineTrigger": "PlayerLowHealth",
                            "move": "",
                            "theText": [ "'Whats wrong human? You look like you're on the edge of cumming! Don't worry I'll put you out of your suffering and make you cum lots!'",
                                         "'Line 2'",
                                         "'Line 3'"]
                        },
                        {
                            "lineTrigger": "OnPlayerOrgasm",
                            "move": "",
                            "theText": [ "'I did it! I made a human cum! Now to make sure you fully submit to me.'",
                                         "'If even I made you cum there's no way you could beat my sisters!'",
                                         "'What's with that face human? Did it really feel that good cumming to a dragon?'"]
                        },
                        {
                            "lineTrigger": "OnPlayerOrgasm",
                            "move": "Whelpling Foot Stroke",
                            "theText": [ "'Cumming to a little girls feet? How pathetic can you get?'",
                                         "'Humans are so weak they'll cum to feet? Goes to show how inferior you are to the likes of me!'",
                                         "'How does it feel human? To be buried under the sole of a girl who just got let out on the world?'"]
                        },
                        {
                            "lineTrigger": "OnPlayerOrgasm",
                            "move": "Whelpling Tail Stroke",
                            "theText": [ "'Oh, did my tail really make you cum human? Guess my training paid off!'",
                                         "'I know my tail is soft and smooth but I'm surprised you came so easily from that!'",
                                         "'Bet you wish you had a limb like this don't you human? Rather than that pathetic cock down there.'"]
                        },
                        {
                            "lineTrigger": "OnOrgasm",
                            "move": "",
                            "theText": [ "'Did a human just make me cum?! Eeek how humiliating!'",
                                         "'How dare you make me cum, you damn human. Now how will I show my face to my sisters!'",
                                         "'I-I'll make sure to pay you back for that tenfold human!'"]
                        },
                        {
                            "lineTrigger": "OnSurrender",
                            "move": "",
                            "theText": [ "'You're giving up? But I haven't had my fun toying with you! I guess I'll have to make you cum lots to make up for it!'"]
                        }
                      ],
  "victoryScenes": [
            {
                "NameOfScene": "",
                "move": "",
                "stance": "",
                "includes": [ ""],
                "theScene": [ ""
                          ],
                "picture": ""
            }
        ],
"pictures": [
              {
                  "Name": "Base",
                  "StartOn": "1",
                  "AlwaysOn": "1",
                  "IsScene": "0",
                  "TheBody": "1",
                  "Overlay": "No",
                  "setXalign": "0.0",
                  "setYalign": "0.29",
                  "Images": [
                  {
                      "Name": "Base",
                      "File": "../Mods/Whelpling_Mod/Images/Whelpling.png",
                      "setXalign": "0.0",
                      "setYalign": "0.0"
                  }
                ]
              }
            ]

    }
